"","X","Lokacija.","Ukupan.broj.soba.","Cijena.","Spavaće.sobe.","Kupaonice.","Površina_numeric","godinaIzgradnje"
"2","http://www.remax-svijetnekretnina.com/stan/istrapula-siri-centar-stan-u-staroj-zgradi-visoko-prizemlje","Širi centar, Pula",3,70,1,1,58.7,1900
"11","http://www.remax-svijetnekretnina.com/stan/istra-savudrija-stan-na-dvije-etaze-nedaleko-od-mora-i-plaza","Savudrija, Umag",4,245,2,2,76.78,2004
"18","http://www.remax-svijetnekretnina.com/stan/istra-porec-dvosoban-stan-sa-pogledom-na-more-u-mugebi","Mugeba, Poreč",3,115,2,1,59.36,2004
"23","http://www.remax-svijetnekretnina.com/stan/istra-barbariga-stan-u-novogradnji-sa-velikom-terasom-i-pogledom-na-more","Barbariga, Vodnjan",2,90,1,1,44,2019
"29","http://www.remax-svijetnekretnina.com/stan/istra-barbariga-jednosoban-stan-u-novogradnji-sa-velikom-terasom","Barbariga, Vodnjan",2,90,1,1,44,2019
"32","http://www.remax-svijetnekretnina.com/stan/istra-funtana-stan-u-prizemlju-s-okucnicom","Funtana, Vrsar",3,120,2,1,57.65,2018
"44","http://www.remax-svijetnekretnina.com/stan/istra-novigrad-prekrasan-stan-u-novogradnji-na-900-metara-od-mora","Novigrad",3,199,2,1,93.78,2019
"45","http://www.remax-svijetnekretnina.com/stan/okolica-poreca-moderan-stan-s-dvije-spavace-sobe-i-pogledom-na-more","Poreč",3,120,2,1,81,2012
"48","http://www.remax-svijetnekretnina.com/stan/istra-umag-centar-moderno-uredeni-luksuzni-stan","Umag",3,218,2,1,70.71,2009
"50","http://www.remax-svijetnekretnina.com/stan/umag-centar-fantastican-stan-na-odlicnoj-lokaciji","Umag",3,187,2,1,78.7,2011
"53","http://www.remax-svijetnekretnina.com/stan/porec-stan-u-starogradskoj-jezgri1","Poreč",3,185,1,1,57,1800
"60","http://www.remax-svijetnekretnina.com/stan/porec-predivan-stan-u-starogradskoj-jezgri","Poreč",3,185,2,1,57,1800
"71","http://www.remax-svijetnekretnina.com/stan/istra-umag-komforni-dvoetazni-stan-300m-od-mora","Umag",4,200,2,1,94.37,2007
"87","http://www.remax-svijetnekretnina.com/stan/istra-rovinj-prodaje-se-dvosoban-stan-sa-vrtom-u-prizemlju-privatne-kuce","Rovinj",4,250,2,1,118,1985
"94","http://www.remax-svijetnekretnina.com/stan/istraliznjan-dvoetazni-stan-sa-lijepim-pogledom-svega-700m-od-mora","Ližnjan",3,160,2,2,75,2015
"96","http://www.remax-svijetnekretnina.com/stan/istraliznjan-dvoetazni-stan-sa-vrtom-i-bazenom","Ližnjan",3,210,2,2,97,2015
"100","http://www.remax-svijetnekretnina.com/stan/istra-pula-kastanjer-stan-od-5947--na-5-katu","Kaštanjer, Pula",3,79,2,1,59.47,1969
"103","http://www.remax-svijetnekretnina.com/stan/istra-rovinj-penthouse-sa-predivnim-pogledom-na-rovinj-200m-od-predivne-plaze1","Rovinj",3,597,2,2,165,2020
"104","http://www.remax-svijetnekretnina.com/stan/istra-rovinj-penthouse-sa-predivnim-pogledom-na-rovinj-200m-od-predivne-plaze","Rovinj",3,608,2,2,168,2020
"106","http://www.remax-svijetnekretnina.com/stan/istranovigradstan-u-centru-udaljen-100-m-od-mora","Novigrad",4,165,3,1,71.76,1986
"109","http://www.remax-svijetnekretnina.com/stan/istra-rovinj-moderan-stan-sa-predivnim-pogledom-na-rovinj-300m-od-predivne-plaze","Rovinj",3,607,2,2,167,2020
"110","http://www.remax-svijetnekretnina.com/stan/istra-rovinj-moderan-stan-u-prizemlju-s-garazom-300m-od-predivne-plaze","Rovinj",4,388,3,2,125,2020
"113","http://www.remax-svijetnekretnina.com/stan/pula-dvosoban-namjesten-stan-na-lijepoj-lokaciji","Veli vrh, Pula",3,105.9,2,1,69,2007
"124","http://www.remax-svijetnekretnina.com/stan/istra-porec-vranici-dvosoban-stan-sa-pogledom-na-more","Poreč",3,139,2,1,61.01,2000
"138","http://www.remax-svijetnekretnina.com/stan/istra-pula-stoja-dvoetazni-stan-na-1-katu-dobra-gradska-lokacija","Stoja, Pula",4,143,2,1,86.88,1988
"143","http://www.remax-svijetnekretnina.com/stan/istra-liznjan-prekrasan-apartman-sa-pogledom-na-more-i-bazenom","Ližnjan",3,235,2,1,109.8,2015
"168","http://www.remax-svijetnekretnina.com/stan/pula-ureden-trosoban-stan-terasa-150m-od-arene","Centar, Pula",4,109,2,1,74,1977
"172","http://www.remax-svijetnekretnina.com/stan/istra-pula-stan-za-renovirati-2-ss-5-kat-bez-lifta","Stoja, Pula",3,73,2,1,52.2,1964
"173","http://www.remax-svijetnekretnina.com/stan/porec-iznimna-prilikastan-predivnog-pogleda-na-najtrazenijoj-lokaciji-u-porecu","Poreč",3,185,2,1,69.37,1978
"188","http://www.remax-svijetnekretnina.com/stan/istra-pula-valdebek-stan-sa-tri-spavace-sobe-i-dvoristem","Valdebek, Pula",3,135,3,1,86,1997
"198","http://www.remax-svijetnekretnina.com/stan/istrapulasiri-centar-stan-u-staroj-austrougarskoj-vili","Monte Zaro, Pula",5,120,2,1,89.65,1850
"212","http://www.remax-svijetnekretnina.com/stan/porec-massa-lombarda-stan-s-dvije-spavace-sobe","Poreč",3,98,2,1,43,1987
"214","http://www.remax-svijetnekretnina.com/stan/istra-novigrad-okolica-adaptirani-apartman-u-blizini-plaze","Novigrad",2,84,1,1,38.37,1985
"216","http://www.remax-svijetnekretnina.com/stan/istra-porec-varvari-simpatican-stan-u-potkrovlju","Vrvari, Poreč",2,55,1,1,33.53,2008
"228","http://www.remax-svijetnekretnina.com/stan/istranovigrad-vidalmoderan-stan-s-pogledom-na-more","Novigrad",3,145,2,1,57.85,2011
"256","http://www.remax-svijetnekretnina.com/stan/istra-lovrecica-okolica-stan-okucnicom","Lovrečica, Umag",3,85,1,1,41,2007
"264","http://www.remax-svijetnekretnina.com/stan/porec-cervar-porat-atraktivan-apartman-na-50-m-od-mora-prilika","Červar-Porat, Poreč",2,59,1,1,30,1979
"270","http://www.remax-svijetnekretnina.com/stan/istra-porec-stan-53--s-pogledom-na-more","Poreč",2,87,1,1,53,2003
"274","http://www.remax-svijetnekretnina.com/stan/baderna-kvalitetna-dvojna-kuca-s-3-spavace-sobe-bazenom-i-pogledom-na-more","Baderna, Poreč",4,295,3,3,168,2011
"279","http://www.remax-svijetnekretnina.com/stan/vabriga-predivan-stan-s-tri-spavace-sobe-700-m-od-mora","Vabriga, Tar-Vabriga",4,220,3,2,134,2007
"286","http://www.remax-svijetnekretnina.com/stan/porec-stan-4911-predidivne-lokacije-800m-od-mora","Poreč",2,115,2,1,49.11,2000
"295","http://www.remax-svijetnekretnina.com/stan/banjole-volme-trosoban-stan-sa-dvoristem-garazom-i-pogledom-na-more","Banjole, Medulin",4,175,3,3,70,2011
"299","http://www.remax-svijetnekretnina.com/stan/umag-centar-izvrstan-stan-na-top-lokaciji-100-m-od-mora","Umag",3,139,2,2,68.85,2011
"307","http://www.remax-svijetnekretnina.com/stan/istra-porec-cervar-porat-odlican-apartman-1-red-do-mora","Červar-Porat, Poreč",3,69,1,1,34,1977
"319","http://www.remax-svijetnekretnina.com/stan/istra-okolica-pule-barbariga-zgodan-apartman-na-1-katu-novije-zgrade","Barbariga, Vodnjan",2,61,1,1,34.06,2007
"322","http://www.remax-svijetnekretnina.com/stan/istra-fazana-penthouse-s-pogledom-na-more-i-brijune","Fažana",4,766.5,3,3,219,2017
"344","http://www.remax-svijetnekretnina.com/stan/porec-okolica-stan-u-mansardi-s-ogromnom-terasom-i-pogledom-na-more","Poreč",3,170,2,1,90,2010
"345","http://www.remax-svijetnekretnina.com/stan/istra-barbariga-trosoban-stan-sa-predivnim-pogledom-na-more","Barbariga, Vodnjan",4,190,3,2,100,2019
"347","http://www.remax-svijetnekretnina.com/stan/istra-barbariga-dvosoban-stan-sa-terasom-i-predivnim-pogledom-na-brijune","Barbariga, Vodnjan",3,149,2,1,78.12,2019
"348","http://www.remax-svijetnekretnina.com/stan/istra-barbariga-jednosoban-stan-sa-parkingom-i-vrtom-500m-od-plaze","Barbariga, Vodnjan",2,126,1,1,66.11,2019
"349","http://www.remax-svijetnekretnina.com/stan/porec-stan-od-70-nedaleko-od-nove-skole","Poreč",3,160,2,1,70.21,1990
"351","http://www.remax-svijetnekretnina.com/stan/istra-barbariga-dvosoban-stan-sa-parkingom-i-vrtom-500m-od-plaze","Barbariga, Vodnjan",3,155,2,1,81.15,2019
"366","http://www.remax-svijetnekretnina.com/stan/pula-busoler-prodaje-se-dvosoban-stan-na-mirnoj-lokaciji-u-privatnoj-kuci","Busoler, Pula",4,115,2,1,89,1979
"368","http://www.remax-svijetnekretnina.com/stan/fazana-peroj-apartman-sa-krovnom-terasom-i-pogledom-na-more","Peroj, Vodnjan",3,125,2,2,66.85,2009
"406","http://www.remax-svijetnekretnina.com/stan/istraporecdva-stana-sa-vlastitim-dvoristem-na-atraktivnoj-lokaciji","Veli Maj, Poreč",6,255,4,2,123.11,1988
"453","http://www.remax-svijetnekretnina.com/stan/umag-stan-apartman-atraktivna-pozicija-panoramski-pogled-na-more","Umag",5,149,4,2,224.5,1985
"458","http://www.remax-svijetnekretnina.com/stan/renovirani-cetverosoban-stan-u-strogom-centru-grada","Centar, Pula",5,145.95,4,1,59,1900
"460","http://www.remax-svijetnekretnina.com/stan/prilika-novigrad-stan-u-mirnom-djelu-grada","Novigrad",4,110,2,1,80.6,2006
"465","http://www.remax-svijetnekretnina.com/stan/premantura-apartman-u-blizini-mora","Premantura, Medulin",3,85,2,1,46,2015
"482","http://www.remax-svijetnekretnina.com/stan/porec-okolica-stan-na-prvom-katu-s-dvije-spavace-sobe","Poreč",3,90,2,1,48,2006
"506","http://www.remax-svijetnekretnina.com/stan/umag-zanimljiv-stan-na-dobroj-lokaciji-u-blizini-centra","Umag",3,75,2,1,65.82,2000
"509","http://www.remax-svijetnekretnina.com/stan/porec-stan-na-vrhunskoj-lokaciji-svega-400m-od-mora-i-samog-centra-grada","Poreč",4,189,3,2,102.41,1999
"512","http://www.remax-svijetnekretnina.com/stan/istra-buje-stan-u-centru-s-fantasticnim-pogledom","Buje",4,57.5,2,1,47.22,1900
"534","http://www.remax-svijetnekretnina.com/stan/porec-stan-novogradnja-u-prizemlju","Poreč",3,136.1,2,1,65.55,2019
"551","http://www.remax-svijetnekretnina.com/stan/istra-okolica-pule-premantura-apartman-sa-pogledom-na-more","Premantura, Medulin",2,130,1,1,52.01,2005
"554","http://www.remax-svijetnekretnina.com/stan/porecstan-izuzetne-lokacije-na-svega-300m-od-mora","Poreč",3,185,2,1,75.38,2001
"557","http://www.remax-svijetnekretnina.com/stan/vizinada-projekt-izgradnje-vile-za-odmor-s-4-spavace-sobe-i-bazenom","Vižinada",5,399,4,5,170,2020
"562","http://www.remax-svijetnekretnina.com/stan/istra-novigrad-stan-na-odlicnoj-lokaciji-pogled-na-more","Novigrad",2,85,1,1,35.4,2000
"584","http://www.remax-svijetnekretnina.com/stan/pula-sijana-dvoetazni-trosoban-stan-s-pogledom-na-zelenilo","Ilirija, Pula",4,165,3,2,105.93,2012
"601","http://www.remax-svijetnekretnina.com/stan/umag-ekskluzivan-dvoetazni-stan-2red-od-mora","Lovrečica, Umag",5,430,4,3,150,2019
"603","http://www.remax-svijetnekretnina.com/stan/porec-stan-100m-udaljen-od-mora","Červar-Porat, Poreč",4,115,2,2,54.46,1978
"609","http://www.remax-svijetnekretnina.com/stan/novigrad-stan-prvi-red-do-mora-s-liftom","Novigrad",2,150,1,1,58,2009
"611","http://www.remax-svijetnekretnina.com/stan/porec-dvosoban-stan-100-metara-od-plaze","Poreč",3,148,2,1,81,1998
"614","http://www.remax-svijetnekretnina.com/stan/istravalica","Valica, Umag",3,83,2,1,54,1990
"615","http://www.remax-svijetnekretnina.com/stan/umag-okolica-prekrasan-stan-s-dvoristem","Umag",4,139,2,2,108,2007
"629","http://www.remax-svijetnekretnina.com/stan/istramedulinnovi-apartman-200m-do-mora","Medulin",3,128.6,2,1,68.66,2019
"630","http://www.remax-svijetnekretnina.com/stan/istramedulinnovi-apartmani-200m-do-mora4","Medulin",3,104.4,2,1,55.22,2019
"631","http://www.remax-svijetnekretnina.com/stan/istramedulinnovi-apartmani-200m-do-mora3","Medulin",2,70.1,1,1,38.29,2019
"639","http://www.remax-svijetnekretnina.com/stan/istra-fazana-dvoetazni-apartman-s-pogledom-na-more","Fažana",3,185,2,2,93,2018
"650","http://www.remax-svijetnekretnina.com/stan/porec-okolica-stan-u-prizemlju-s-velikom-okucnicom","Fuškulin, Poreč",8,115,4,2,102,1992
"651","http://www.remax-svijetnekretnina.com/stan/porec-okolica-osuncan-stan-sa-dvoristem-na-mirnoj-lokaciji","Fuškulin, Poreč",4,125,3,1,102,1992
"652","http://www.remax-svijetnekretnina.com/stan/centar-pule-stan-sa-3-zasebne-stambene-jedinice-namijenjene-najmu","Centar, Pula",5,180,3,4,113,1900
"654","http://www.remax-svijetnekretnina.com/stan/porec-prelijep-stan-82--odlicne-lokacije-u-blizini-mora","Poreč",3,215,2,1,82,1995
"667","http://www.remax-svijetnekretnina.com/stan/krasan-kvalitetan-dvosoban-apartman-u-medulnu","Medulin",3,125,2,1,61,2015
"703","http://www.remax-svijetnekretnina.com/stan/istra-veruda-pola-austrougarske-vile-sa-4-stambene-jedinice","Veruda, Pula",7,279,5,4,200,1920
"705","http://www.remax-svijetnekretnina.com/stan/prilika-novigrad-dvosoban-stan-65","Novigrad",3,99,2,1,64,2006
"714","http://www.remax-svijetnekretnina.com/stan/umag-centar-stan-na-odlicnoj-lokaciji","Umag",3,125,2,1,70,1991
"731","http://www.remax-svijetnekretnina.com/stan/istramedulinnovi-apartmani-200m-do-mora2","Medulin",3,108.85,2,1,60.47,2019
"732","http://www.remax-svijetnekretnina.com/stan/istramedulinnovi-apartmani-200m-do-mora1","Medulin",3,104.31,2,1,57.95,2019
"733","http://www.remax-svijetnekretnina.com/stan/istramedulinnovi-apartmani-200m-do-mora","Medulin",3,113.78,2,1,63.22,2019
"741","http://www.remax-svijetnekretnina.com/stan/umagstan-upredgradu-sa-prekrasnim-pogledom","Finida, Umag",3,125,2,1,56.37,1998
"754","http://www.remax-svijetnekretnina.com/stan/istra-umag-okolica-stan-85","Umag",3,105,2,1,84.11,2007
"771","http://www.remax-svijetnekretnina.com/stan/porec-mali-stan-u-starogradskoj-jezgri","Poreč",2,65,1,1,36,1930
"780","http://www.remax-svijetnekretnina.com/stan/umag-centar-dvoetazni-stan-84","Umag",4,155,2,1,84,1956
"790","http://www.remax-svijetnekretnina.com/stan/porec-okolica-trosobni-stan-sa-dva-studio-apartmana","Poreč",6,122,5,3,115,1936
"794","http://www.remax-svijetnekretnina.com/stan/porec-stan-u-prizemlju-sa-200-okucnice","Poreč",3,170,2,1,85.95,2017
"800","http://www.remax-svijetnekretnina.com/stan/istrabarbarigastan-apartman-s-pogledom-na-more","Barbariga, Vodnjan",2,68,1,1,35.95,1995
"829","http://www.remax-svijetnekretnina.com/stan/2-stana-od-47--novogradnja","Gregovica, Pula",4,135,2,2,94,2019
"837","http://www.remax-svijetnekretnina.com/stan/istra-rovinj-ekskluzivan-stan-sa-vrtom-i-garazom","Rovinj",4,290,3,2,99.71,2009
"845","http://www.remax-svijetnekretnina.com/stan/porec-renovirani-stan-u-starogradskoj-jezgri","Poreč",3,135,2,1,62.72,1900
"847","http://www.remax-svijetnekretnina.com/stan/istra-okolica-pulevodnjan-stan-u-maloj-kuci-u-nizu-za-renoviranje","Vodnjan",5,58,2,1,58.06,1900
"853","http://www.remax-svijetnekretnina.com/stan/istrabujestan-sa-prekrasnim-otvorenim-pogledom-na-more","Buje",3,61.5,2,1,61.31,1980
"860","http://www.remax-svijetnekretnina.com/stan/porec-stan-u-centru-grada2","Poreč",2,134.5,1,1,38.35,2020
"861","http://www.remax-svijetnekretnina.com/stan/porec-centar-novogradnja","Poreč",3,225,2,1,63.99,2019
"862","http://www.remax-svijetnekretnina.com/apartman/istra-porec-trosoban-stan-sa-prekrasnom-terasom-i-pogledom-na-more","Kukci, Poreč",4,206.89,3,2,116.51,2016
"867","http://www.remax-svijetnekretnina.com/stan/istra-umag-moderan-stan-sa-velikom-okucnicom","Umag",4,265,3,1,88.76,2009
"880","http://www.remax-svijetnekretnina.com/stan/istra-umag-moderni-stan-sa-vrtom-od-75m","Umag",3,206.75,2,1,85,2019
"893","http://www.remax-svijetnekretnina.com/stan/ekskluzivan-stan-1-red-do-mora","Pomer, Medulin",4,440,3,2,115,2014
"895","http://www.remax-svijetnekretnina.com/stan/istra-umag-stan-123m-blizina-centra","Umag",5,89,3,2,122.77,2000
"896","http://www.remax-svijetnekretnina.com/stan/istra-medulin-prekrasan-stan-141-sa-pogledom-na-more","Medulin",5,250,4,3,141,2006
"901","http://www.remax-svijetnekretnina.com/stan/istra-porec-trosoban-stan-sa-prekrasnom-terasom-i-pogledom-na-more-300041059-289","Kukci, Poreč",4,192.44,3,2,113.2,2016
"905","http://www.remax-svijetnekretnina.com/stan/istrarovinj-fantastican-renovirani-stan-u-satrom-gradu-32","Rovinj",3,97.5,1,1,32,1900
"914","http://www.remax-svijetnekretnina.com/stan/porec-stan-od-93-nedaleko-od-mora","Poreč",4,210,3,2,93.55,2008
"921","http://www.remax-svijetnekretnina.com/stan/stan-62--u-izgradnji-novigrad-istra","Novigrad",2,142.882,1,1,62,2020
"922","http://www.remax-svijetnekretnina.com/stan/stan-novigrad-istra-novogradnja","Novigrad",3,191.334,2,1,85,2020
"923","http://www.remax-svijetnekretnina.com/stan/dvosoban-stan-u-prizemlju-novigrad-istra-u-izgradnji","Novigrad",3,200.572,2,1,88,2020
"925","http://www.remax-svijetnekretnina.com/stan/dvosoban-stan-novigrad-istra-u-izgradnji","Novigrad",3,193.218,2,1,86,2020
"926","http://www.remax-svijetnekretnina.com/stan/istrarovinjdvosobni-stan-u-potkrovljugaraza","Rovinj",4,125,2,11,62,2008
"944","http://www.remax-svijetnekretnina.com/stan/istrarovinjstari-graddvoetazni-stan-68-s-neponovljivim-pogledom","Rovinj",5,298,2,1,68,1900
"952","http://www.remax-svijetnekretnina.com/stan/istrarovinj-stari-gradstudio","Rovinj",11,114.1,1,1,23,1900
"956","http://www.remax-svijetnekretnina.com/stan/istrarovinjstari-gradsavrseni-studio-u-strogom-centru","Rovinj",1,140.1,1,1,25,1900
"961","http://www.remax-svijetnekretnina.com/stan/veliki-stan-u-okolici-poreca","Tar, Tar-Vabriga",6,138.912,5,2,115.76,2008
"962","http://www.remax-svijetnekretnina.com/stan/veliki-stan-sa-5-spavacih-soba-i-prekrasnim-pogledom-na-more","Tar, Tar-Vabriga",6,137.412,5,2,114.51,2008
"963","http://www.remax-svijetnekretnina.com/stan/komfornam-stan-sa-prekrasnim-pogledom-na-more","Tar, Tar-Vabriga",6,161.076,5,2,134.23,2007
"966","http://www.remax-svijetnekretnina.com/stan/istrarovinjstari-grad-dvoetazni","Rovinj",1,99,1,1,56,1900
"967","http://www.remax-svijetnekretnina.com/stan/porec-okolica-stan-na-drugom-katu-s-pogledom-na-more","Tar, Tar-Vabriga",6,165.288,5,2,137.74,2008
"970","http://www.remax-svijetnekretnina.com/stan/istrarovinj-stari-graddvoetazni-stan","Rovinj",2,125,1,1,50,1900
"980","http://www.remax-svijetnekretnina.com/stan/istra-rovinj-stan-u-centru-rovinja-sa-terasom-i-vrtom","Rovinj",6,292,4,1,96,1905
"986","http://www.remax-svijetnekretnina.com/stan/istra-buje-trosobni-stan-s-pogledom-na-piranski-zaljev","Kaštel, Buje",5,150,2,2,87,2010
"999","http://www.remax-svijetnekretnina.com/stan/istra-okolica-pule-vodnjan-stan-u-centru-grada","Vodnjan",4,105,2,1,58.61,1900
"1002","http://www.remax-svijetnekretnina.com/apartman/istra-barbariga-apartman-u-prizemlju-sa-vrtom","Barbariga, Vodnjan",3,93.6,2,1,55,1990
"1011","http://www.remax-svijetnekretnina.com/stan/istra-vabriga-stan-u-novogradnji-s-okucnicom","Vabriga, Tar-Vabriga",3,138,2,1,69,2017
"1012","http://www.remax-svijetnekretnina.com/stan/istra-vabriga-stan-u-prizemlju-s-okucnicom","Vabriga, Tar-Vabriga",3,134,2,1,67,2017
"1026","http://www.remax-svijetnekretnina.com/stan/vabriga-atraktivan-stan-u-blizini-mora","Vabriga, Tar-Vabriga",2,147,1,1,44.47,2008
"1046","http://www.remax-svijetnekretnina.com/stan/tar-stan-s-okucnicom-i-pogledom-na-more","Tar, Tar-Vabriga",3,104.9,1,1,55,2003
"1075","http://www.remax-svijetnekretnina.com/stan/pulavaldebek-prodaje-se-stan-u-prizemljusa-lijepom-okucnicom","Valdebek, Pula",4,188,3,2,148.96,2007
"1101","http://www.remax-svijetnekretnina.com/stan/istra-umag-stan-sa-3-spavace-sobe-u-blizini-centra-grada","Umag",4,110,3,1,86.12,1968
"1112","http://www.remax-svijetnekretnina.com/stan/predivan-stan-u-prizemlju","Radoši kod Žbandaja, Poreč",2,110,1,1,48.18,2006
"1113","http://www.remax-svijetnekretnina.com/stan/pula-kompletno-renoviran-stan-u-blizini-centra","Centar, Pula",2,93,2,2,67,1900
"1119","http://www.remax-svijetnekretnina.com/stan/luksuzan-stan-u-centru-poreca-sa-pogledom-na-more","Poreč",4,190,2,1,92.59,1980
"1148","http://www.remax-svijetnekretnina.com/stan/porec-stan-s-pogledom-na-more","Poreč",3,110,2,1,56,2005
"1155","http://www.remax-svijetnekretnina.com/stan/baderna-moderan-obiteljski-stan-s-dvije-spavace-sobe-i-savrsenim-razmjestajem","Baderna, Poreč",3,89.5,2,1,55,2007
"1174","http://www.remax-svijetnekretnina.com/stan/istramedulinnovi-stan-500m-od-mora3","Medulin",2,115.74,1,1,51.44,2018
"1177","http://www.remax-svijetnekretnina.com/stan/istramedulinnivi-stan-500m-od-mora","Medulin",2,116.1,1,1,51.6,2018
"1178","http://www.remax-svijetnekretnina.com/stan/cervar-stan-prvi-red-do-mora","Červar-Porat, Poreč",3,140,1,1,65,1980
"1179","http://www.remax-svijetnekretnina.com/stan/istramedulin-novi-stan-500m-od-mora1","Medulin",2,97.44,1,1,43.31,2018
"1182","http://www.remax-svijetnekretnina.com/stan/porec-stan-novogradnja-200m-od-mora","Poreč",2,160,1,1,45,2018
"1183","http://www.remax-svijetnekretnina.com/stan/porec-stan-u-centru-novogradnja","Poreč",3,249,2,1,86,2018
"1186","http://www.remax-svijetnekretnina.com/stan/istramedulinnovi-stan-500m-od-mora2","Medulin",2,117.99,1,1,52.44,2018
"1188","http://www.remax-svijetnekretnina.com/stan/istramedulinnovi-stan-500m-od-mora1","Medulin",2,104.28,1,1,46.35,2018
"1190","http://www.remax-svijetnekretnina.com/stan/istramedulinnovi-stan-500m-od-mora","Medulin",2,100.53,1,1,44.68,1918
"1193","http://www.remax-svijetnekretnina.com/stan/istramedulin-novi-stan-500m-od-mora","Medulin",2,124.58,1,1,55.37,2018
"1195","http://www.remax-svijetnekretnina.com/stan/porec-sira-okolica-obiteljski-stan-s-vrtom-na-mirnoj-lokaciji","Žbandaj, Poreč",3,125,1,1,68,1997
"1208","http://www.remax-svijetnekretnina.com/stan/novigrad-moderan-stan-na-top-poziciji-uz-more","Novigrad",3,330,2,1,55.27,2013
"1209","http://www.remax-svijetnekretnina.com/stan/istra-fazana-stinjan-penthouse-sa-predivnim-pogledom-na-more","Štinjan, Pula",4,280,3,2,115.21,2009
"1211","http://www.remax-svijetnekretnina.com/stan/porec-veliki-obiteljski-stan-s-3-spavace-sobe-i-pogledom-na-more","Poreč",4,220,3,1,99,2005
"1214","http://www.remax-svijetnekretnina.com/stan/porec-okolica-stan-s-predivnim-pogledom-na-more","Poreč",3,113,2,1,88,2012
"1215","http://www.remax-svijetnekretnina.com/stan/medulin-dvosoban-stan-u-prizemlju-kuce","Banjole, Medulin",3,82,2,1,54.65,2011
"1216","http://www.remax-svijetnekretnina.com/stan/stan-u-privatnoj-kuci-u-centru-medulina","Medulin",3,79.8,2,1,53.14,2011
"1220","http://www.remax-svijetnekretnina.com/stan/porec-okolica-osuncan-stan-s-dvije-spavace-sobe","Poreč",3,88,2,1,50,2012
"1231","http://www.remax-svijetnekretnina.com/stan/umag-stan-sa-vrtom-na-dobroj-lokaciji","Umag",4,260,3,1,116.4,1972
"1260","http://www.remax-svijetnekretnina.com/stan/istra-pula-dvosoban-stan-na-1-katu","Veruda, Pula",3,104,2,1,79.77,1968
"1268","http://www.remax-svijetnekretnina.com/apartman/istra-banjole-apartman-s-pogledom-na-more1","Banjole, Medulin",3,170,2,2,66,2018
"1300","http://www.remax-svijetnekretnina.com/apartman/istra-istocna-obala-duga-uvala-apartman-sa-pogledom-na-more-i-vrtom","Duga Uvala, Marčana",2,120,1,1,72.73,2000
"1303","http://www.remax-svijetnekretnina.com/stan/ureden-stan-u-porecu-67-blizu-mora","Poreč",3,135,1,1,67.09,1987
"1310","http://www.remax-svijetnekretnina.com/stan/istra-pula-centar-stan-od-76--u-potkrovlju-na-4katu","Centar, Pula",3,75,2,1,76.28,1988
"1362","http://www.remax-svijetnekretnina.com/stan/jednosoban-stan-100m-od-mora","Vrsar",2,207.5,1,1,44.35,2013
"1364","http://www.remax-svijetnekretnina.com/stan/stan-42-100m-od-mora","Vrsar",2,132,1,1,43.47,2014
"1365","http://www.remax-svijetnekretnina.com/stan/stan-100m-od-mora","Vrsar",4,262,2,1,80,2014
"1382","http://www.remax-svijetnekretnina.com/stan/umag-predgrade-prostran-stan-sa-galerijom","Kmeti, Umag",4,157.85,3,1,101.43,2015
"1384","http://www.remax-svijetnekretnina.com/stan/prilika-stan-na-mirnoj-lokaciji-u-blizini-mora","Lovrečica, Umag",3,135,2,1,78,2005
"1386","http://www.remax-svijetnekretnina.com/stan/stan-u-starom-dijelu-funtane","Funtana, Vrsar",2,86,1,1,37.85,1900
"1388","http://www.remax-svijetnekretnina.com/stan/umag-suncan-stan-sa-galerijom-u-mirnom-okolisu","Kmeti, Umag",3,133.5,2,1,83.01,2015
"1390","http://www.remax-svijetnekretnina.com/stan/umag-stan-u-malom-mjestu-u-neposrednoj-blizini-umaga","Kmeti, Umag",2,95.06,1,1,55.53,2015
"1394","http://www.remax-svijetnekretnina.com/stan/stan-vrsar-6417-","Vrsar",3,140,2,1,64.17,1980
"1400","http://www.remax-svijetnekretnina.com/stan/novigrad-stan-sa-panoramskim-pogledom","Novigrad",3,166,2,1,63.1,2009
"1408","http://www.remax-svijetnekretnina.com/stan/stan-na-atraktivnoj-lokaciji-zambratija","Zambratija, Umag",2,98,1,1,45.35,2008
"1416","http://www.remax-svijetnekretnina.com/stan/pulastoja-komforan-stan-4ss-s-predivnim-pogledom-na-50m-od-mora","Stoja, Pula",6,425,4,4,151.89,2018
"1460","http://www.remax-svijetnekretnina.com/stan/stan-umag-300m-od-mora-sa-dvije-spavace-sobe","Umag",3,120,2,1,65.81,1986
"1466","http://www.remax-svijetnekretnina.com/stan/istrapula-okolica-sisan-stan-u-dvojnoj-kuci","Šišan, Ližnjan",4,135,3,2,83.76,2008
"1468","http://www.remax-svijetnekretnina.com/stan/pulastan-100m-od-mora","Stoja, Pula",4,460,3,2,165.34,2018
"1511","http://www.remax-svijetnekretnina.com/stan/vrsar-stan","Vrsar",2,84.9,1,1,46,1996
"1513","http://www.remax-svijetnekretnina.com/stan/stan-u-zgradi-predgrade-novigrada","Novigrad",4,228.416,3,3,138,2012
"1514","http://www.remax-svijetnekretnina.com/stan/vrsar-stan-sa-3-spavace-sobe-350m-od-mora","Vrsar",4,195,3,2,90,1976
"1521","http://www.remax-svijetnekretnina.com/stan/stan-u-starom-dijelu-rovinja","Rovinj",3,210,2,1,58,1900
"1522","http://www.remax-svijetnekretnina.com/stan/stan-2km-od-grada-i-500m-od-mora","Babići, Umag",3,95,2,1,65.32,2013
"1527","http://www.remax-svijetnekretnina.com/stan/prodaje-se-stan-u-novigradu","Novigrad",4,233.59,3,3,144,2012
"1536","http://www.remax-svijetnekretnina.com/stan/stan-karigador-prodaja","Karigador, Brtonigla",3,110,2,1,59.95,2003
"1540","http://www.remax-svijetnekretnina.com/stan/novigrad-stan-400-m-od-mora","Novigrad",4,109,2,1,60,2006
"1550","http://www.remax-svijetnekretnina.com/stan/porec-stan-3-km-od-poreca","Poreč",2,155,1,1,72,2006
"1570","http://www.remax-svijetnekretnina.com/stan/atraktivni-stanovi-sa-pogledom-na-more-novogradnja","Novigrad",3,160,2,1,75.64,2019
"1599","http://www.remax-svijetnekretnina.com/stan/stan-u-rapcu-na-dobroj-lokaciji","Rabac, Labin",8,150,3,2,82,2006
"1624","http://www.remax-svijetnekretnina.com/stan/istrafazana-valbandon-stan-u-izgradnj-97--na-1-katu","Valbandon, Fažana",2,174.6,1,1,97,2018
"1629","http://www.remax-svijetnekretnina.com/stan/veliki-stan-od-148-u-novigradu","Novigrad",12,265,5,4,148,2000
"1635","http://www.remax-svijetnekretnina.com/stan/istra-volme-apartman-s-bazenom-i-vrtom","Pomer, Medulin",3,220,2,2,70,2018
"1644","http://www.remax-svijetnekretnina.com/apartman/trosobni-apartman-8830--sa-garazom","Kaštel, Buje",4,160,2,2,88.3,2009
"1676","http://www.remax-svijetnekretnina.com/apartman/medulin-liznjan-visokokvalitetan-apartman-s-predivnim-pogledom-na-more","Ližnjan",3,238.65,2,1,129,2011
"1677","http://www.remax-svijetnekretnina.com/apartman/medulin-liznjan-ekskluzivni-apartman-s-vrtom-i-bazenom","Ližnjan",3,270,2,1,146,2011
"1681","http://www.remax-svijetnekretnina.com/stan/pulagregovica-komforan-dvoetazni-stan-poslovni-prostor-i-okucnica","Gregovica, Pula",6,270,5,1,171.59,2004
"1696","http://www.remax-svijetnekretnina.com/stan/istra-medulinapartman-u-izgradnji170m-do-morapogled-more","Medulin",2,78.93,1,1,43.85,2018
"1703","http://www.remax-svijetnekretnina.com/stan/komforni-trosobni-moderno-uredeni-stan-75--u-centru-umaga","Umag",4,165,2,1,75.75,2009
"1704","http://www.remax-svijetnekretnina.com/stan/komforni-trosobni-stan-u-novigradu-600-metara-od-plaze","Novigrad",5,130,3,2,70.19,2004
"1711","http://www.remax-svijetnekretnina.com/stan/istrapula-apartman-sa-pogledom-na-more-3079","Veruda, Pula",1,60,1,1,30.79,1982
"1715","http://www.remax-svijetnekretnina.com/stan/trosobni-stan-na-prvom-katu-u-musalezu","Mušalež, Poreč",3,99,2,1,96,1989
"1726","http://www.remax-svijetnekretnina.com/stan/istra-pulavidikovacveliki-stan-u-rohbau-fazi-sa-super-pogledom","Verudela, Pula",3,215.64,2,2,143.76,2016
"1727","http://www.remax-svijetnekretnina.com/stan/dvoetazni-stan-u-staroj-jezgri-vrsara","Vrsar",4,130,3,1,106,1890
"1747","http://www.remax-svijetnekretnina.com/apartman/istra-medulin-novi-apartmani-170m-do-mora","Medulin",3,113.13,2,1,62.85,2018
"1755","http://www.remax-svijetnekretnina.com/stan/umag-zambratija-moderan-stan-150-m-od-mora","Zambratija, Umag",4,255,3,2,120,1998
"1757","http://www.remax-svijetnekretnina.com/stan/stan-novogradnja-10km-od-poreca","Višnjan",3,110,2,1,77,2015
"1760","http://www.remax-svijetnekretnina.com/stan/vrsar-stan-u-centru-grada","Vrsar",3,90,2,1,41,1986
"1786","http://www.remax-svijetnekretnina.com/stan/istra-medulin-novogradnja-dvosban-stan-u-prizemlju-sa-terasom","Medulin",4,200,2,1,94.46,2010
"1804","http://www.remax-svijetnekretnina.com/apartman/medulin-apartman-s-vrtom","Medulin",3,187,2,1,85,2017
"1813","http://www.remax-svijetnekretnina.com/stan/komforni-stan-db2-spavace-sobe-na-punti-u-umagu","Umag",4,145,2,1,75,2007
"1820","http://www.remax-svijetnekretnina.com/stan/istra-rovinj-stan-u-starom-gradu1-kat-2-red-od-mora","Rovinj",3,230,2,1,62.32,1895
"1869","http://www.remax-svijetnekretnina.com/stan/stan-u-vrsaru-sa-pogledom-na-more-i-staru-jezgru","Vrsar",4,185,3,1,68,1994
"1927","http://www.remax-svijetnekretnina.com/stan/krasna-starogradnja-u-strogom-centru-2-parkinga","Centar, Pula",4,239,3,1,154,1925
"1940","http://www.remax-svijetnekretnina.com/stan/stan-sa-predivnim-pogledom-na-more","Crveni Vrh, Umag",3,445,2,2,112.58,2005
"1972","http://www.remax-svijetnekretnina.com/stan/vrsar-dva-stana-u-prizemlju-s-okucnicom","Vrsar",2,188.7,1,1,111,1972
"1973","http://www.remax-svijetnekretnina.com/stan/vrsar-dva-stana","Vrsar",4,188.7,3,2,111,1972
"1974","http://www.remax-svijetnekretnina.com/stan/vrsar-stan-s-terasom","Vrsar",2,136,1,1,80,1972
"1976","http://www.remax-svijetnekretnina.com/stan/istramarcana-stanvrt-225garaza-50","Marčana",2,105,1,1,62.55,1991
"1980","http://www.remax-svijetnekretnina.com/stan/vrsar-stan-u-prizemlju-s-okucnicom","Vrsar",3,195,2,1,85,2001
"2026","http://www.remax-svijetnekretnina.com/apartman/istra-premantura-apartman-6262--u-blizini-rta-kamenjak","Premantura, Medulin",3,120,2,1,62.62,2000
"2039","http://www.remax-svijetnekretnina.com/stan/porec-okolica-stan-u-obiteljskoj-kuci-s-velikom-okucnicom-i-gradevinskim-zemljistem","Poreč",4,145,3,1,100,1980
"2061","http://www.remax-svijetnekretnina.com/stan/veliki-stan-sa-vrtom-od-300","Kukci, Poreč",5,170,3,2,173,2002
"2069","http://www.remax-svijetnekretnina.com/stan/rovinj-stan-u-centru-s-pogledom-na-more","Rovinj",3,300,2,1,55.1,2003
"2083","http://www.remax-svijetnekretnina.com/stan/porec-stan-u-centru-grada","Poreč",2,89,1,1,36,1950
"2096","http://www.remax-svijetnekretnina.com/stan/stan-u-potkrovlju-72-3-km-od-poreca","Poreč",3,120,2,1,71.7,2005
"2133","http://www.remax-svijetnekretnina.com/stan/istra-medulin-trosoban-stan-50-m-od-plaze1","Medulin",4,250,2,2,99.95,2014
"2146","http://www.remax-svijetnekretnina.com/stan/istra-buje-luksuzna-stambena-jedinica-sa-bazenom","Bibali, Buje",4,218,3,2,120,2007
"2160","http://www.remax-svijetnekretnina.com/stan/istra-pula-stan-sa-vrtom-i-parkirnim-mjestom","Valdebek, Pula",3,135,2,2,88.48,2006
"2197","http://www.remax-svijetnekretnina.com/stan/istra-rovinj-trosoban-stan","Rovinj",4,215,3,2,98.44,2010
"2225","http://www.remax-svijetnekretnina.com/stan/umag-top-lokacija","Umag",3,280,2,1,85,2011
"2238","http://www.remax-svijetnekretnina.com/stan/istra-pula-kvalitetno-renoviran-starogradski-stan-iznad-arene","Centar, Pula",4,160,3,1,86,1860
"2242","http://www.remax-svijetnekretnina.com/stan/pula-volmepredivan-stan-s-pogledom-na-more","Banjole, Medulin",4,255,3,2,82.33,2012
"2254","http://www.remax-svijetnekretnina.com/stan/porec-dvosobni-stan-na-2-km-od-grada","Poreč",2,75,1,1,39,2008
"2261","http://www.remax-svijetnekretnina.com/stan/medulin-trosoban-stan-u-prizemlju-neposredna-blizina-mora-i-plaze","Medulin",4,176.958,3,2,98.31,2017
"2265","http://www.remax-svijetnekretnina.com/stan/medulin-trosoban-stan-u-izgradnji-300-m-od-mora","Medulin",4,197,3,2,109.45,2017
"2300","http://www.remax-svijetnekretnina.com/stan/novigrad-dvoetazni-stan-vrhunske-kvalitete","Novigrad",3,189,2,2,84.82,2016
"2303","http://www.remax-svijetnekretnina.com/stan/vrsar-cetverosoban-stan-u-mirnom-dijelu-grada","Vrsar",4,140,3,1,88,1983
"2312","http://www.remax-svijetnekretnina.com/stan/pula-busoler-lijepi-stan-od-80--u-privatnoj-kuci","Busoler, Pula",3,115,2,1,80,1980
"2356","http://www.remax-svijetnekretnina.com/stan/dvosoban-stan-nedaleko-od-grada-novigrada-i-mora","Novigrad",3,125,2,1,76.83,2007
"2360","http://www.remax-svijetnekretnina.com/stan/pula-centar-stan-na-frekventnoj-lokaciji","Centar, Pula",3,100,2,1,67,1951
"2361","http://www.remax-svijetnekretnina.com/stan/atraktivan-stan-sa-lijepim-pogledom-na-grad-i-more","Novigrad",6,365,4,2,159.75,2007
"2372","http://www.remax-svijetnekretnina.com/stan/stan-sa-lijepom-okucnicom-u-novigradu","Novigrad",3,140,2,1,53.6,2007
"2385","http://www.remax-svijetnekretnina.com/stan/pula-centar-trosoban-stan-od-77-","Arsenal, Pula",3,124.5,2,1,78,1890
"2386","http://www.remax-svijetnekretnina.com/stan/medulin-1red-do-mora-moderan-stan-sa-pogledom-na-more","Medulin",4,240,3,2,95.27,2015
"2399","http://www.remax-svijetnekretnina.com/stan/sijana-stan-sa-3-spavace-sobe","Šijana, Pula",4,120,3,1,75,1990
"2402","http://www.remax-svijetnekretnina.com/apartman/volme-ekskluzivan-apartman","Banjole, Medulin",4,450,3,2,84,2012
"2414","http://www.remax-svijetnekretnina.com/stan/duga-uvala-predivan-apartman-sa-odvojenom-spavacom-sobom","Duga Uvala okolica, Marčana",1,55,1,1,37.3,1990
"2422","http://www.remax-svijetnekretnina.com/apartman/istra-barbariga-dva-apartmana-sa-velikom-terasom","Barbariga, Vodnjan",4,105,2,2,79.41,1988
"2437","http://www.remax-svijetnekretnina.com/stan/porec-stan-172--s-prekrasnim-pogledom","Poreč",6,365,4,3,172,1990
"2451","http://www.remax-svijetnekretnina.com/stan/stan-u-neposrednoj-blizini-umaga","Lovrečica, Umag",3,108,2,1,56,2004
"2462","http://www.remax-svijetnekretnina.com/stan/veruda-stan-za-renoviranje-sa-puno-potencijala","Veruda, Pula",3,95,2,1,83.3,1967
"2502","http://www.remax-svijetnekretnina.com/apartman/istra-fazana-500m-od-mora-novi-stan-na-odlicnoj-lokaciji","Fažana",3,165,2,1,66,2016
"2504","http://www.remax-svijetnekretnina.com/stan/ekskluzivno-stan-rovinj-prvi-red-do-mora","Rovinj",5,350,3,2,113,1968
"2547","http://www.remax-svijetnekretnina.com/stan/porec-dvoetazni-stan-110--u-strogom-centru","Poreč",4,275,3,2,110,1965
"2560","http://www.remax-svijetnekretnina.com/stan/renovirani-stan-u-austrougarskoj-zgradi","Centar, Pula",5,280,4,2,142,1900
"2595","http://www.remax-svijetnekretnina.com/stan/pula-stan-sa-pogledom-na-arenu-i-more","Arena, Pula",3,120,2,1,76,1900
"2597","http://www.remax-svijetnekretnina.com/stan/ekskluzivan-stan-s-panoramskim-pogledom-prvi-red-do-mora","Umag",4,380,3,1,105,2007
"2618","http://www.remax-svijetnekretnina.com/stan/porec-okolica-trosoban-stan-u-mirnom-okruzenju","Kukci, Poreč",3,114,2,1,63.98,2003
"2659","http://www.remax-svijetnekretnina.com/stan/pula-vidikovac-prodaje-se-stan-u-obiteljskoj-kuci-8225--prvi-red-do-mora","Vidikovac, Pula",3,170,2,1,82.25,1975
"2675","http://www.remax-svijetnekretnina.com/stan/istra-liznjan-trosban-dvoetazni-stan-7246--s-pogledom-na-more","Ližnjan",2,120.24,1,1,72.46,2015
"2698","http://www.remax-svijetnekretnina.com/stan/stan-za-adaptaciju-u-vodnjanu","Vodnjan",4,95,3,1,128,1900
"2712","http://www.remax-svijetnekretnina.com/stan/istra-pula-dva-stana-u-austriugarskoj-vili","Veruda, Pula",3,200,3,2,130,1883
"2735","http://www.remax-svijetnekretnina.com/stan/novigrad-2sdb-odlicna-lokacija-terasa-parking-spremiste","Novigrad",3,160,2,2,72,2008
"2752","http://www.remax-svijetnekretnina.com/stan/valbandonsimpatican-namjesteni-stan-sa-terasom-i-garazom","Valbandon, Fažana",2,120,1,1,68,2007
"2765","http://www.remax-svijetnekretnina.com/stan/porecprostran-stan-500-m-od-plaze","Poreč",3,139,2,1,83,2005
"2766","http://www.remax-svijetnekretnina.com/stan/veli-majnov-trosoban-stan-sa-pogledom-na-more","Poreč",3,105,2,1,56,2005
"2787","http://www.remax-svijetnekretnina.com/stan/stan-u-neposrednoj-blizini-mora","Tar, Tar-Vabriga",3,115,2,1,57,2006
"2794","http://www.remax-svijetnekretnina.com/stan/novigrad-lijep-topao-osuncan-stan","Novigrad",3,140,2,1,64,2007
"2813","http://www.remax-svijetnekretnina.com/stan/luksuzan-apartman-s-vrtom-i-pogledom-na-more","Fažana",3,155,2,2,139,2014
"2814","http://www.remax-svijetnekretnina.com/apartman/luksuzan-penthouse-s-pogledom-na-more-i-velikom-terasom-novo","Fažana",4,260,3,2,128,2014
"2815","http://www.remax-svijetnekretnina.com/apartman/luksuzan-apartman-s-nevjerovatnim-pogledom-na-more-i-velikom-terasom-novo","Fažana",4,255,3,1,128,2014
"2856","http://www.remax-svijetnekretnina.com/stan/stan-u-funtani-s-galerijom","Funtana, Vrsar",2,80,1,1,40,1995
"2868","http://www.remax-svijetnekretnina.com/stan/pula-veruda-porat-stan-u-kuci-486","Veruda, Pula",5,220,4,2,153,1997
"2869","http://www.remax-svijetnekretnina.com/stan/vrsarluksuzan-stan-100m-od-plaze","Vrsar",4,340,3,2,86,2014
"2874","http://www.remax-svijetnekretnina.com/stan/pula-strogi-centar-potpuno-ureden-stan-u-zgradi-iz-1880-g","Centar, Pula",3,230,2,1,108,1880
"2880","http://www.remax-svijetnekretnina.com/stan/pula-centar-stan-u-staroj-gradskoj-jezgri-6916","Centar, Pula",5,160,4,1,69,1900
"2924","http://www.remax-svijetnekretnina.com/apartman/dvoetazni-apartmansa-tri-terase-i-pogledom-na-more","Premantura, Medulin",4,119,2,1,63,2000
"2945","http://www.remax-svijetnekretnina.com/apartman/istra-medulin-apartman-s-bazenom-i-pogledom-na-more","Medulin",3,130,2,1,72,2012
"2962","http://www.remax-svijetnekretnina.com/apartman/novi-apartman-u-liznjanu-povoljno","Ližnjan",3,88,2,1,73.22,2008
"2966","http://www.remax-svijetnekretnina.com/stan/istrapula-dva-stana-sa-vrtom","Veli vrh, Pula",7,310,5,2,205,2003
"2988","http://www.remax-svijetnekretnina.com/stan/stan-u-baderni-1kat-5526-","Baderna, Poreč",3,79,2,1,55,2007
"3011","http://www.remax-svijetnekretnina.com/stan/renoviran-stan-u-staroj-jezgri-poreca","Poreč",4,130,3,1,90,1966
"3032","http://www.remax-svijetnekretnina.com/stan/lijepi-cetverosoban-stan-u-strogom-centru-pule","Centar, Pula",4,166,3,1,110,1910
"3035","http://www.remax-svijetnekretnina.com/apartman/istra-medulin-potpuno-namjesten-apartman","Medulin",3,126,2,1,82,2004
"3047","http://www.remax-svijetnekretnina.com/stan/ekskluzivni-dvoetazni-stan","Stoja, Pula",4,265,3,2,141,2005
"3061","http://www.remax-svijetnekretnina.com/stan/pula-stan-u-novogradnji-na-verudi-porat","Veruda, Pula",2,85,1,1,47,2010
"3063","http://www.remax-svijetnekretnina.com/stan/istra-porec-trosoban-stan-s-terasom-i-pogledom-na-more","Poreč",4,185,3,2,109,1999
"3065","http://www.remax-svijetnekretnina.com/stan/istravrsar-stan-s-pogledom-na-more","Vrsar",4,180,2,2,70,1680
"3071","http://www.remax-svijetnekretnina.com/apartman/akcijska-cijena-novogradnje-u-liznjanu","Ližnjan",4,125,3,1,85,2008
"3098","http://www.remax-svijetnekretnina.com/apartman/novi-apartman-u-prekrasnoj-zgradi-u-liznjanu","Ližnjan",2,105,1,1,76.14,2011
"3131","http://www.remax-svijetnekretnina.com/stan/novi-apartman-u-peroju","Peroj, Vodnjan",2,71.7,1,1,43,2007
"3134","http://www.remax-svijetnekretnina.com/stan/novi-apartman-stan-s-vrtom-u-peroju","Peroj, Vodnjan",2,81,1,1,52,2007
"3136","http://www.remax-svijetnekretnina.com/apartman/namjesten-apartman-u-premanturi","Premantura, Medulin",2,99,1,1,52,2007
"3139","http://www.remax-svijetnekretnina.com/stan/novi-dvosobni-apartman-u-peroju","Peroj, Vodnjan",3,101.5,2,1,61,2007
"3140","http://www.remax-svijetnekretnina.com/apartman/istra-liznjan-apartman-za-idealan-odmor","Ližnjan",3,110,2,1,63.06,2006
"3143","http://www.remax-svijetnekretnina.com/stan/okupan-u-suncu-s-vrhunskim-pogledom","Peroj, Vodnjan",3,114,2,1,62,2007
"3146","http://www.remax-svijetnekretnina.com/stan/otmjen-stan-u-valdebeku","Valdebek, Pula",4,135,3,1,100,2007
"3147","http://www.remax-svijetnekretnina.com/stan/rovinj-stan-50-s-velikom-natkrivenom-terasom","Rovinj",2,140,1,1,50,2002
"3149","http://www.remax-svijetnekretnina.com/stan/pula-vvrh-prekrasan-stan-u-istarskom-stilu","Veli vrh, Pula",3,130,2,1,85,2010
"3153","http://www.remax-svijetnekretnina.com/stan/pula-kastanjer-prekrasan-dvoetazni-stan","Kaštanjer, Pula",4,135,3,1,87,2005
"3159","http://www.remax-svijetnekretnina.com/stan/istra-puladvoetazni-stan-u-valdebeku","Dolinka, Pula",6,176,4,2,129,2005
"3171","http://www.remax-svijetnekretnina.com/stan/rovinj-stan-u-kuci-985-u-blizini-plaze","Rovinj",3,240,2,1,98.5,1985
"3191","http://www.remax-svijetnekretnina.com/apartman/stambena-zgrada-sa-6-stanova-veruda-porat","Veruda, Pula",15,630,10,7,438,2001
